0,Democrat,Democratic,Liberal,Left-wing,Extremist,Zealot,Idealogue,Republican,Conservative,Right-wing,Hack,Elitist,Shill,
https|||abc13.com|politics|thousands-of-trump-supporters-wait-in-line-for-maga-rally|4534157|.html,0,0,0,0,0,0,0,0,0,0,0,0,0,
https|||abcnews.go.com|.html,5,0,0,0,0,0,0,1,0,0,0,0,0,
https|||abcnews.go.com|Politics|photos|queen-elizabeth-us-presidents-16461860.html,0,0,0,0,0,0,0,2,0,0,0,0,0,
https|||abcnews.go.com|Politics|president-trump-takes-midterms-fight-wisconsins-trump-country|story|id|58712325.html,6,0,0,0,0,0,0,3,0,0,0,0,0,
https|||afsp.org|nations-largest-suicide-prevention-organization-thanks-president-donald-j-trump-for-signing-the-national-suicide-hotline-improvement-act-of-2018-h-r-2345|.html,0,0,0,0,0,0,0,0,0,0,0,0,0,
https|||arstechnica.com|tech-policy|2018|10|nyt-chinese-and-russian-spies-routinely-eavesdrop-on-trumps-iphone-calls|.html,0,0,0,0,0,0,0,0,0,0,0,0,0,
https|||azcapitoltimes.com|news|2018|09|17|arizona-the-breakdown-ducey-and-the-donald|.html,2,2,0,0,0,0,0,6,0,0,0,0,0,
https|||ballotpedia.org|Donald_Trump.html,9,5,0,0,0,0,0,22,0,0,0,0,0,
https|||books.google.com|books|id|3TinCwAAQBAJ|pg|PT390|lpg|PT390|dq|Trump|source|bl|ots|Gme76MJLDm|sig|aUjT9uxLqd45Ol-O4MR1Gijy6zA|hl|en|sa|X|ved|2ahUKEwithtCG9qHeAhWLslQKHVqiAecQ6AEwa3oECB0QAQ.html,0,0,0,0,0,0,0,0,0,0,0,0,0,
https|||books.google.com|books|id|7HjvDAAAQBAJ|pg|PT13|lpg|PT13|dq|Trump|source|bl|ots|bo7oZ0MCDW|sig|URqFmhg1S4oifzpRQK4yv-WOrqs|hl|en|sa|X|ved|2ahUKEwithtCG9qHeAhWLslQKHVqiAecQ6AEwaHoECCAQAQ.html,0,0,0,0,0,0,0,1,0,0,0,0,0,
https|||books.google.com|books|id|7t2-n7wCX3EC|pg|PA36|lpg|PA36|dq|Trump|source|bl|ots|zNiVAngnt2|sig|7iy1uq7mChcA3TSmcu4ZxS4wq_A|hl|en|sa|X|ved|2ahUKEwithtCG9qHeAhWLslQKHVqiAecQ6AEwcnoECBYQAQ.html,0,0,0,0,0,0,0,0,0,0,0,0,0,
https|||books.google.com|books|id|9zpKAAAAMAAJ|pg|PP15|lpg|PP15|dq|The|Donald|source|bl|ots|W0DUKRdGB0|sig|fQu3VzdiPW_g5WEr04qYrL7Xy0Q|hl|en|sa|X|ved|2ahUKEwiF-cSq9qHeAhXsGDQIHWHMCyAQ6AEwgQF6BAhiEAE.html,0,0,0,0,0,0,0,0,0,0,0,0,0,
https|||books.google.com|books|id|AFGVBQAAQBAJ|pg|PT194|lpg|PT194|dq|US|President|source|bl|ots|byXXBlU6Go|sig|weSH4Q8__JGtRCH63zHsBiE0ZoQ|hl|en|sa|X|ved|2ahUKEwij7M679qHeAhVhGTQIHTj9A28Q6AEwaHoECBMQAQ.html,0,0,0,0,0,0,0,0,0,0,0,0,0,
https|||books.google.com|books|id|EK2pZlNp0wMC|pg|PT38|lpg|PT38|dq|US|President|source|bl|ots|toQDZ97GX5|sig|9VTFqUNDt2enXw_-9_4z3H-QxpI|hl|en|sa|X|ved|2ahUKEwij7M679qHeAhVhGTQIHTj9A28Q6AEwY3oECBgQAQ.html,0,0,0,0,0,0,0,0,0,0,0,0,0,
https|||books.google.com|books|id|JsdGYlTm2nsC|pg|PA49|lpg|PA49|dq|Trump|source|bl|ots|reQmssPbVw|sig|cMP-KCMm0Mev8chu6vl3Kztay10|hl|en|sa|X|ved|2ahUKEwithtCG9qHeAhWLslQKHVqiAecQ6AEwanoECB4QAQ.html,0,0,0,0,0,0,0,0,0,0,0,0,0,
https|||books.google.com|books|id|ZbRIDwAAQBAJ|pg|PT6|lpg|PT6|dq|President|Trump|source|bl|ots|TVrv6cEEMj|sig|24CB1K1LBinWNWao7LBF0xcaY-k|hl|en|sa|X|ved|2ahUKEwil6aWg9qHeAhXpIjQIHf7nDgwQ6AEwYXoECCMQAQ.html,0,0,0,0,0,0,0,0,0,0,0,0,0,
https|||books.google.com|books|id|fwEmDwAAQBAJ|pg|PA118|lpg|PA118|dq|President|Trump|source|bl|ots|O-8OB0Eyvx|sig|09yXCR23qI0eGlr_VW_sKcNoZkA|hl|en|sa|X|ved|2ahUKEwil6aWg9qHeAhXpIjQIHf7nDgwQ6AEwY3oECCEQAQ.html,1,0,0,0,0,0,0,3,0,0,0,0,0,
https|||books.google.com|books|id|hR9xc9NheesC|pg|PA5|lpg|PA5|dq|President|Trump|source|bl|ots|IE1co1Ot0q|sig|IoZr1iFgoshL7jYJnGJ2I42dq1c|hl|en|sa|X|ved|2ahUKEwil6aWg9qHeAhXpIjQIHf7nDgwQ6AEwfnoECFUQAQ.html,0,0,0,0,0,0,0,0,0,0,0,0,0,
https|||books.google.com|books|id|hR9xc9NheesC|pg|PA8|lpg|PA8|dq|Trump|source|bl|ots|IE1co1OtWw|sig|Gx6HIaZo1OAruEtCV3oFhyN-SUk|hl|en|sa|X|ved|2ahUKEwithtCG9qHeAhWLslQKHVqiAecQ6AEwcHoECBgQAQ.html,0,0,0,0,0,0,0,0,0,0,0,0,0,
https|||books.google.com|books|id|je1TAAAAYAAJ|pg|PA190|lpg|PA190|dq|Trump|source|bl|ots|R5riVvpL2u|sig|qJ4keIlnW6dIQbGmRG8eY2B6iKE|hl|en|sa|X|ved|2ahUKEwithtCG9qHeAhWLslQKHVqiAecQ6AEwc3oECBUQAQ.html,0,0,0,0,0,0,0,0,0,0,0,0,0,
https|||books.google.com|books|id|nNw_AAAAYAAJ|pg|PA6|lpg|PA6|dq|Trump|source|bl|ots|dmSI9lRofQ|sig|lFvictfGjowzimGx2SVO-nqVWq8|hl|en|sa|X|ved|2ahUKEwithtCG9qHeAhWLslQKHVqiAecQ6AEwb3oECBkQAQ.html,0,0,0,0,0,0,0,0,0,0,0,0,0,
https|||books.google.com|books|id|txakCwAAQBAJ|pg|PA35|lpg|PA35|dq|Trump|source|bl|ots|4Lk0PfcS0i|sig|bxtx5BFIDoWsD1doQ_vgEy7g258|hl|en|sa|X|ved|2ahUKEwithtCG9qHeAhWLslQKHVqiAecQ6AEwaXoECB8QAQ.html,0,0,0,0,0,0,0,2,0,0,0,0,0,
https|||bullshit.ist|president-donald-j-trump-enacts-driving-restrictions-in-the-u-s-90e42a7e018b.html,1,0,0,0,0,0,0,0,0,0,0,0,0,
https|||chicago.suntimes.com|columnists|donald-trump-angry-left-wing-mob-november-elections|.html,4,1,0,0,0,0,0,4,0,0,0,0,0,
https|||consortiumnews.com|2018|09|17|the-donald-in-wonderland|.html,6,2,0,0,0,0,0,1,0,0,0,0,0,
https|||deadline.com|2018|05|the-daily-show-publish-the-donald-j-trump-presidential-twitter-library-book-1202395084|.html,0,0,0,0,0,0,0,1,0,0,0,0,0,
https|||deadline.com|2018|10|president-donald-trump-tweetstorm-the-sunday-edition-10-1202486819|.html,5,0,0,0,0,0,0,3,0,0,0,0,0,
https|||en.wikipedia.org|wiki|Donald_Trump.html,29,14,1,0,1,0,0,70,2,2,1,0,0,
https|||en.wikipedia.org|wiki|List_of_Presidents_of_the_United_States.html,32,27,0,0,0,0,0,33,0,0,0,0,0,
https|||en.wikipedia.org|wiki|President_of_the_United_States.html,12,9,0,0,0,0,0,8,1,0,0,0,0,
https|||en.wikipedia.org|wiki||r|The_Donald.html,2,2,0,0,0,0,0,2,1,2,1,0,0,
https|||features.propublica.org|trump-inc-podcast|trump-family-business-panama-city-khafif|.html,0,0,0,0,0,0,0,0,0,0,0,0,0,
https|||fivethirtyeight.com|features|dissecting-trumps-most-rabid-online-following|.html,3,3,0,0,0,0,0,1,6,0,0,0,0,
https|||foreignpolicy.com|2016|05|16|the-donald-vs-the-blob-hillary-clinton-election|.html,1,0,0,0,0,0,0,3,0,0,0,0,0,
https|||foreignpolicy.com|2018|10|23|trumps-punk-rock-nuclear-policy|.html,0,0,0,0,0,0,0,0,0,0,0,0,0,
https|||fox4kc.com|2018|10|25|president-trump-claims-media-to-blame-for-anger-after-bombs-sent-to-cnn-dems|.html,6,3,0,0,0,0,0,0,0,0,0,0,0,
https|||fox59.com|2018|10|23|president-trump-to-visit-indianapolis-saturday-will-speak-at-bankers-life-fieldhouse|.html,0,0,0,0,0,0,0,0,0,0,0,0,0,
https|||genius.com|A-tribe-called-quest-the-donald-lyrics.html,0,0,0,0,0,0,0,0,0,0,0,0,0,
https|||gizmodo.com|china-subtly-mocks-president-trumps-terrible-info-secur-1829989824.html,1,0,0,0,0,0,0,0,0,0,0,0,0,
https|||historicsites.vermont.gov|vt_history|presidents.html,0,0,0,0,0,0,0,2,0,0,0,0,0,
https|||history.house.gov|People|Other-Office|Member-President|.html,9,3,0,0,0,0,0,12,0,0,0,0,0,
https|||history.howstuffworks.com|history-vs-myth|jefferson-bible.htm.html,0,0,0,0,0,0,0,0,0,0,0,0,0,
https|||hottestheadsofstate.com|us-presidents|.html,0,0,0,0,0,0,0,0,0,0,0,0,0,
https|||johnscrazysocks.com|products|donald-trump-hair-socks.html,0,0,0,0,0,0,0,0,0,0,0,0,0,
https|||kids.nationalgeographic.com|explore|history|presidential-fun-facts|.html,0,0,0,0,0,0,0,0,0,0,0,0,0,
https|||learningenglish.voanews.com|a|hologram-of-former-us-president-goes-on-display|4611524.html.html,0,0,0,0,0,0,0,0,0,0,0,0,0,
https|||lib.msu.edu|vvl|presidents|.html,0,0,0,0,0,0,0,0,0,0,0,0,0,
https|||lobelog.com|the-donald-in-the-rearview-mirror|.html,0,0,0,0,0,0,0,3,0,0,0,0,0,
https|||madison.com|news|nation|government-and-politics|from-whiskey-to-champagne-every-u-s-president-s-favorite|collection_9c96d96b-7866-52b0-8bc0-979238bb589b.html.html,1,0,0,0,0,0,0,0,0,0,0,0,0,
https|||madison.com|wsj|news|local|govt-and-politics|president-trump-praises-scott-walker-leah-vukmir-at-wisconsin-rally|article_d6fe483c-2718-5133-9baa-1541432fe441.html.html,7,3,0,0,0,0,0,14,0,0,0,0,0,
https|||mashable.com|category|donald-trump|.html,0,0,0,0,0,0,0,0,0,0,0,0,0,
https|||mic.com|articles|49037|5-u-s-presidents-who-were-never-fathers.html,2,1,0,0,0,0,0,2,0,0,0,0,0,
https|||millercenter.org|president.html,0,0,0,0,0,0,0,0,0,0,0,0,0,
https|||motherboard.vice.com|en_us|article|mbdwb3|the-donald-daters-trump-dating-app-exposed-a-load-of-its-users-data.html,0,0,0,0,0,0,0,1,0,0,1,0,0,
https|||narratively.com|the-donald-trump-of-the-1840s|.html,5,2,0,0,0,0,0,3,0,0,0,0,0,
https|||news.gallup.com|poll|203207|trump-job-approval-weekly.aspx.html,0,0,0,0,0,0,0,0,0,0,0,0,0,
https|||news.sky.com|story|president-donald-trump-colours-in-us-flag-wrong-11483315.html,0,0,0,0,0,0,0,0,0,0,0,0,0,
https|||nypost.com|2018|10|13|why-michael-moore-is-irrelevant-in-the-age-of-trump|.html,2,2,0,0,0,0,0,0,0,0,0,0,0,
https|||nypost.com|2018|10|24|trump-signs-bill-to-confront-opioid-epidemic|.html,0,0,0,0,0,0,0,0,0,0,0,0,0,
https|||observer.com|2016|07|jared-kushner-the-donald-trump-i-know|.html,0,0,0,0,0,0,0,0,0,0,0,0,0,
https|||open.spotify.com|track|0BXZq7Np5y2kWNyH6zbrAc.html,0,0,0,0,0,0,0,0,0,0,0,0,0,
https|||pen.org|pen-america-v-trump|.html,1,1,0,0,0,0,0,0,0,0,0,0,0,
https|||pen.org|press-release|lawsuit-trump-first-amendment-violations|.html,0,0,0,0,0,0,0,0,0,0,0,0,0,
https|||player.fm|series|news-2396016|bolsonaro-the-donald-trump-of-brazil-divides-women-before-presidential-vote.html,2,1,0,0,0,0,0,4,0,0,0,0,0,
https|||pm.gc.ca|eng|news|2018|10|01|prime-minister-justin-trudeau-speaks-united-states-president-donald-j-trump.html,0,0,0,0,0,0,0,0,0,0,0,0,0,
https|||projects.fivethirtyeight.com|trump-approval-ratings|.html,1,0,0,0,0,0,0,2,0,0,0,0,0,
https|||qz.com|1162244|donald-j-trump-presidential-library-and-museum-what-will-it-look-like|.html,2,0,0,0,0,0,0,3,0,0,0,0,0,
https|||qz.com|1327598|photos-the-donald-trump-baby-balloon-takes-flight-over-london|.html,0,0,0,0,0,0,0,0,0,0,0,0,0,
https|||rationalwiki.org|wiki|Donald_Trump.html,22,13,1,0,0,0,0,45,2,2,0,0,0,
https|||simple.wikipedia.org|wiki|List_of_Presidents_of_the_United_States.html,47,45,0,0,0,0,0,52,0,0,0,0,0,
https|||slate.com|technology|2018|08|reddits-the-donald-is-a-video-game-where-trolls-fight-for-donald-trumps-honor.html.html,0,0,0,0,0,0,0,0,0,0,0,0,0,
https|||som.georgetown.edu|knowlansociety.html,0,0,0,0,0,0,0,0,0,0,0,0,0,
https|||talkingpointsmemo.com|edblog|president-trumps-enemies-list.html,1,0,0,0,0,0,0,1,0,0,0,0,0,
https|||techcrunch.com|2018|10|01|a-former-u-s-president-walks-into-a-blockchain-conference|.html,0,0,0,0,0,0,0,0,0,0,0,0,0,
https|||thehill.com|hilltv|rising|407358-hilltv-interview-exclusive-trump-eviscerates-sessions-i-have-no-attorney.html,3,2,0,0,0,0,0,4,0,0,0,0,0,
https|||thehill.com|opinion|civil-rights|368696-president-donald-j-trump-and-racial-america.html,4,2,0,0,0,0,0,1,0,0,0,0,0,
https|||thehill.com|people|donald-trump.html,4,2,1,0,0,0,0,2,0,0,0,0,0,
https|||theweek.com|articles|802590|how-california-became-trumps-toughest-foe.html,6,2,0,0,0,0,0,3,0,0,0,0,0,
https|||thinkprogress.org|trump-obama-immigration-tweet-self-own-f02f793487d6|.html,3,1,0,0,0,0,0,0,0,0,0,0,0,
https|||triblive.com|local|regional|13373356-74|president-trump-to-campaign-in-western-pennsylvania-next-weekend.html,3,0,0,0,0,0,0,3,0,0,0,0,0,
https|||trump-presidency.com|.html,7,1,0,0,0,0,0,10,0,0,0,1,0,
https|||trumpnews.us|.html,1,0,0,0,0,0,0,0,0,0,0,0,0,
https|||twitter.com|president|lang|en.html,2,0,0,0,0,0,0,1,0,0,0,0,0,
https|||twitter.com|realDonaldTrump|ref_src|twsrc|5Egoogle|7Ctwcamp|5Eserp|7Ctwgr|5Eauthor.html,2,0,0,0,0,0,0,2,0,0,0,0,0,
https|||twitter.com|realDonaldTrump|status|1055412328571850753|ref_src|twsrc|5Egoogle|7Ctwcamp|5Eserp|7Ctwgr|5Etweet.html,0,0,0,0,0,0,0,0,0,0,0,0,0,
https|||twitter.com|realDonaldTrump|status|1055414972635926528|ref_src|twsrc|5Egoogle|7Ctwcamp|5Eserp|7Ctwgr|5Etweet.html,1,0,0,0,0,0,0,1,0,0,0,0,0,
https|||twitter.com|realDonaldTrump|status|1055418269270716418|ref_src|twsrc|5Egoogle|7Ctwcamp|5Eserp|7Ctwgr|5Etweet.html,0,0,1,0,0,0,0,0,0,0,0,0,0,
https|||twitter.com|realDonaldTrump|status|1055458320390217728|ref_src|twsrc|5Egoogle|7Ctwcamp|5Eserp|7Ctwgr|5Etweet.html,0,0,0,0,0,0,0,1,0,0,0,0,0,
https|||uk.usembassy.gov|our-relationship|policy-history|policy|president-donald-j-trump|.html,4,4,0,0,0,0,0,0,0,0,1,0,0,
https|||uspotus.com|president-donald-j-trumps-schedule-for-thursday-october-25th.html.html,0,0,0,0,0,0,0,0,0,0,0,0,0,
https|||ustr.gov|about-us|policy-offices|press-office|press-releases|2018|july|president-donald-j-trump-upholds-agoa.html,0,0,0,0,0,0,0,0,0,0,0,0,0,
https|||variety.com|video|rob-reiner-trump-mentally-unfit|.html,0,0,0,0,0,0,0,0,0,0,0,0,0,
https|||vote-usa.org|officials.aspx|report|u1.html,0,0,0,0,0,0,0,0,0,0,0,0,0,
https|||waow.com|news|top-stories|2018|10|24|watch-live-president-trump-rally-in-mosinee|.html,0,0,0,0,0,0,0,0,0,0,0,0,0,
https|||www.abc.net.au|news|2017-12-04|billy-bush-says-infamous-access-hollywood-trump-tape-is-real|9224358.html,0,0,0,0,0,0,0,1,0,0,0,0,0,
https|||www.acc.org|latest-in-cardiology|articles|2018|10|12|12|50|us-president-signs-two-drug-pricing-bills-into-law.html,0,0,0,0,0,0,0,0,0,0,0,0,0,
https|||www.af.mil|News|Article-Display|Article|1667674|president-trump-visits-luke-afb|.html,0,0,0,0,0,0,0,0,0,0,0,0,0,
https|||www.aljazeera.com|indepth|opinion|fake-news-racism-bombs-fear-loathing-trump-america-181025082812562.html.html,3,1,0,0,0,0,0,6,0,0,0,0,0,
https|||www.allposters.com|-st|US-President-Posters_c12543_.htm.html,1,1,0,0,0,0,0,0,0,0,0,0,0,
https|||www.amazon.com|Day-Donald-Trump-Trumps-America|dp|1683310454.html,0,0,0,0,0,0,0,2,0,0,0,0,0,
https|||www.amazon.com|Donald-Trump-45th-Us-President|dp|1682822958.html,0,0,0,0,0,0,0,0,0,0,0,0,0,
https|||www.amazon.com|Donald-Trump-Presidential-Twitter-Library|dp|1984801880.html,1,1,0,0,0,0,0,1,0,0,0,0,0,
https|||www.amazon.com|D|C3|A9tat-Against-President-Donald-Trump|dp|1456628275.html,1,1,0,0,0,0,0,0,0,0,0,0,0,
https|||www.amazon.com|Trump-Blue-Collar-President-Anthony-Scaramucci|dp|1546075925.html,1,0,2,0,0,0,0,1,0,0,0,0,0,
https|||www.americanthinker.com|articles|2018|07|the_donald_does_europe.html.html,7,0,1,0,0,0,0,0,1,0,0,0,0,
https|||www.apnews.com|6ef4045b710b411086e93967eb8ffc4f.html,0,0,0,0,0,0,0,1,0,0,0,0,0,
https|||www.apnews.com|a28cc17d27524050b37f4d91e087955e.html,7,0,0,0,0,0,0,10,0,0,0,0,0,
https|||www.axios.com|donald-trump-nikki-haley-resignation-d25b64a9-264e-483a-a79b-ae8a48e367db.html.html,1,0,0,0,0,0,0,0,0,0,1,0,0,
https|||www.azcentral.com|story|news|politics|arizona|2018|10|19|president-donald-trump-visits-arizona-stumps-martha-mcsally-luke-afb|1678281002|.html,1,0,0,0,0,0,0,11,0,0,0,0,0,
https|||www.azcentral.com|story|news|politics|elections|2018|10|18|president-donald-trump-lands-phoenix-ahead-mesa-rally|1689692002|.html,1,1,0,0,0,0,0,12,0,0,0,0,0,
https|||www.bbc.com|news|av|newsbeat-45981730|donald-trump-the-media-needs-a-new-civil-tone.html,0,0,0,0,0,0,0,0,0,0,0,0,0,
https|||www.bbc.com|news|av|world-us-canada-42626890|what-the-world-thinks-of-trump-s-first-year-as-us-president.html,0,0,0,0,0,0,0,0,0,0,0,0,0,
https|||www.bbc.com|news|world-us-canada-38966846.html,3,3,0,0,0,0,0,1,0,0,0,0,0,
https|||www.bbc.com|news|world-us-canada-45930206.html,0,0,0,0,0,0,0,0,0,0,0,0,0,
https|||www.bbc.com|news|world-us-canada-45969100.html,4,2,0,0,0,0,0,0,0,0,0,0,0,
https|||www.bbc.com|news|world-us-canada-45973436.html,6,3,1,0,0,0,0,1,0,0,0,0,0,
https|||www.bbc.com|news|world-us-canada-45983330.html,0,0,0,0,0,0,0,0,0,0,0,0,0,
https|||www.bestcolleges.com|features|most-us-presidents|.html,0,0,0,0,0,0,0,0,0,0,0,0,0,
https|||www.biography.com|people|donald-trump-9511238.html,9,4,0,0,0,0,0,19,0,0,1,0,0,
https|||www.biography.com|people|groups|political-leaders-us-presidents.html,0,0,0,0,0,0,0,0,0,0,0,0,0,
https|||www.bloomberg.com|news|articles|2018-08-30|trump-says-he-will-pull-u-s-out-of-wto-if-they-don-t-shape-up.html,0,0,0,0,0,0,0,0,0,0,0,0,0,
https|||www.bostonglobe.com|opinion|2018|09|14|people-don-like-president-trump|F0WNmBAYQ5aJxZa9v8qaeK|story.html.html,9,2,0,0,0,0,0,14,0,0,0,0,0,
https|||www.bostonglobe.com|opinion|2018|09|23|following-donald-trump-workout|lkwMgiCG8QIhlcAqlGYcpJ|story.html.html,3,0,0,0,0,0,0,0,0,0,0,0,0,
https|||www.bradenton.com|latest-news|article209031294.html.html,1,0,0,0,0,0,0,0,0,0,0,0,0,
https|||www.britannica.com|biography|Donald-Trump.html,21,13,0,0,0,0,0,40,0,0,0,0,0,
https|||www.britannica.com|list|secret-service-code-names-of-10-us-presidents.html,0,0,0,0,0,0,0,0,0,0,0,0,0,
https|||www.brookings.edu|blog|fixgov|2018|08|22|laying-out-the-obstruction-of-justice-case-against-president-trump|.html,1,0,0,0,0,0,0,0,0,0,0,0,0,
https|||www.brookings.edu|blog|order-from-chaos|2016|10|10|the-donald-shows-again-he-doesnt-understand-much-about-nukes|.html,0,0,0,0,0,0,0,1,0,0,0,0,0,
https|||www.brookings.edu|research|presidential-obstruction-of-justice-the-case-of-donald-j-trump-2nd-edition|.html,0,0,0,0,0,0,0,0,0,0,0,0,0,
https|||www.businessinsider.com|donald-glover-fans-take-over-the-donald-trump-subreddit-2018-5.html,0,0,0,0,0,0,0,0,0,0,0,0,0,
https|||www.businessinsider.com|donald-trump-uncle-john-trump-mit-nuclear-scientist-2018-10.html,2,0,0,0,0,0,0,1,0,0,0,0,0,
https|||www.businessinsider.com|financial-perks-president-of-the-united-states-2018-7.html,1,0,0,0,0,0,0,1,0,0,0,0,0,
https|||www.businesswire.com|news|home|20181025005004|en||||Media-Alert|||-Exclusive-Press-Preview---Daily.html,0,0,0,0,0,0,0,0,0,0,0,0,0,
https|||www.bustle.com|donald-trump.html,5,0,0,0,0,0,0,0,0,0,0,0,0,
https|||www.bustle.com|p|donald-glover-fans-invaded-the-donald-pro-trump-subreddit-lolz-were-had-9170409.html,0,0,0,0,0,0,0,0,0,0,0,0,0,
https|||www.c-span.org|person||donaldtrump.html,1,1,0,0,0,0,0,1,0,0,0,0,0,
https|||www.c-span.org|series||presidents.html,0,0,0,0,0,0,0,1,0,0,0,0,0,
https|||www.cbsnews.com|news|donald-trump-full-interview-60-minutes-transcript-lesley-stahl-2018-10-14|.html,4,0,0,0,0,0,0,0,0,0,0,0,0,
https|||www.cbsnews.com|pictures|presidents-ranked-from-worst-to-best-presidential-historians-survey-2017|.html,0,0,0,0,0,0,0,0,0,0,0,0,0,
https|||www.celebitchy.com|597318|donald_trump_condemned_the_terrorist_bomber_he_the_gop_created_|president_donald_j_trump_signs_s3021|.html,0,0,0,0,0,0,0,0,0,0,0,0,0,
https|||www.charlotteobserver.com|news|politics-government|election|article220555605.html.html,6,2,0,0,0,0,0,5,0,0,0,0,0,
https|||www.chowlynng.com|articles|donald-trump-is-potus.html,0,0,0,0,0,0,0,0,0,0,0,0,0,
https|||www.click2houston.com|news|president-donald-trump-s-houston-rally-moved-from-nrg-center-to-toyota-center.html,10,4,0,0,0,0,0,8,0,0,0,0,0,
https|||www.cnbc.com|2018|06|06|trump-us-presidential-pardons-history-clemency-constitution.html.html,0,0,0,0,0,0,0,0,0,0,0,0,0,
https|||www.cnbc.com|donald-trump|.html,9,1,0,0,0,0,0,2,0,0,0,0,0,
https|||www.cnbc.com|video|2016|07|28|obama-at-the-dnc-the-donald-is-not-really-a-plans-guy.html.html,0,0,0,0,0,0,0,0,0,0,0,0,0,
https|||www.cnet.com|news|chinese-spies-reportedly-eavesdropping-on-donald-trumps-personal-iphone|.html,1,1,0,0,0,0,0,0,0,0,1,0,0,
https|||www.cnn.com|2013|07|04|us|donald-trump-fast-facts|index.html.html,9,9,0,0,0,0,0,39,0,0,0,0,0,
https|||www.cnn.com|2018|10|11|politics|kanye-west-donald-trump|index.html.html,0,0,0,0,0,0,0,2,0,0,0,0,0,
https|||www.cnn.com|2018|10|24|politics|trump-phone-china-russia|index.html.html,0,0,0,0,0,0,0,1,0,0,0,0,0,
https|||www.cnn.com|2018|10|25|politics|donald-trump-blame-bombs|index.html.html,2,1,0,0,0,0,0,3,0,0,0,0,0,
https|||www.cnn.com|2018|10|25|politics|trump-blames-media-for-anger-after-attacks|index.html.html,7,3,0,0,0,0,0,2,0,0,0,0,0,
https|||www.cnn.com|specials|politics|president-donald-trump-45.html,5,2,0,0,0,0,0,3,0,0,0,0,0,
https|||www.cnn.com|videos|politics|2018|10|25|trump-tweets-media-to-blame-for-anger-after-bomb-scares-newday-vpx.cnn.html,2,0,0,0,0,0,0,0,0,0,0,0,0,
https|||www.commerce.gov|news|press-releases|2018|08|president-trump-signs-proclamation-allowing-steel-and-aluminum-product.html,0,0,0,0,0,0,0,0,0,0,0,0,0,
https|||www.commerce.gov|tags|president-donald-j-trump.html,0,0,0,0,0,0,0,0,0,0,0,0,0,
https|||www.commoncraft.com|video|electing-us-president.html,0,0,0,0,0,0,0,0,0,0,0,0,0,
https|||www.coursera.org|learn|making-us-president.html,1,1,0,0,0,0,0,2,1,0,0,0,0,
https|||www.crayola.com|free-coloring-pages|people|us-presidents-coloring-pages|.html,0,0,0,0,0,0,0,0,0,0,0,0,0,
https|||www.cs.duke.edu|donaldlab|.html,0,0,0,0,0,0,0,0,0,0,0,0,0,
https|||www.dailymail.co.uk|news|donald_trump|index.html.html,19,3,0,0,0,0,0,12,0,0,0,0,0,
https|||www.dallasnews.com|news|2018-elections|2018|10|23|trump-tags-nationalist-ted-cruz-rally-america-first-synonym-dog-whistle.html,3,2,0,0,0,0,0,2,1,0,0,0,0,
https|||www.dallasnews.com|news|texas|2018|06|12|happy-birthday-george-hw-bush-first-president-reach-94.html,1,1,0,0,0,0,0,1,0,0,0,0,0,
https|||www.deviantart.com|sharpwriter|art|The-Donald-605337203.html,0,0,0,0,0,0,0,0,0,0,0,0,0,
https|||www.dhs.gov|blog|2018|02|15|department-homeland-security-statement-president-donald-j-trump-signing-blue.html,0,0,0,0,0,0,0,0,0,0,0,0,0,
https|||www.dol.gov|sites|dolgov|files|OPA|factsheets|wh-hra-factsheet.pdf.html,0,0,0,0,0,0,0,0,0,0,0,0,0,
https|||www.donaldjtrump.com|.html,0,0,0,0,0,0,0,0,0,0,0,0,0,
https|||www.donaldtrumpwns.com|.html,0,0,0,0,0,0,0,0,0,0,0,0,0,
https|||www.ducksters.com|biography|uspresidents|.html,0,0,0,0,0,0,0,0,0,0,0,0,0,
https|||www.economist.com|the-americas|2018|09|08|the-contours-of-a-new-nafta-are-emerging.html,0,0,1,0,0,0,0,0,0,0,0,0,0,
https|||www.economist.com|united-states|2018|10|06|donald-trumps-inheritance.html,0,0,0,0,0,0,0,0,0,0,0,0,0,
https|||www.engadget.com|2018|05|22|donald-glover-reddit-thedonald|.html,0,0,0,0,0,0,0,0,0,0,0,0,0,
https|||www.engadget.com|2018|10|24|china-and-russia-eavesdropping-on-trump-phone-calls|.html,0,0,0,0,0,0,0,0,0,0,0,0,0,
https|||www.english-online.at|government|american-president|american-president-introduction.htm.html,1,1,0,0,0,0,0,1,0,0,0,0,0,
https|||www.esquire.com|news-politics|a24213739|cnn-bomb-president-trump-attack-media|.html,4,3,0,0,0,0,0,2,0,0,0,0,0,
https|||www.esquire.com|uk|latest-news|a23577632|all-the-explosive-ridiculous-details-from-the-donald-trump-tax-fraud-allegations|.html,0,0,0,0,0,0,0,0,0,0,0,0,0,
https|||www.express.co.uk|news|world|1035602|World-war-3-President-Donald-Trump-nuclear-weapon-crisis-Russia-MP-Vladimir-Putin.html,1,0,0,0,0,0,0,0,0,0,0,0,0,
https|||www.express.co.uk|news|world|1036123|President-Donald-Trump-Wisconsin-Mosinee-rally-live-Scott-walker-midterm-elections.html,12,0,0,0,0,0,0,15,0,0,0,0,0,
https|||www.facebook.com|POTUS|.html,1,0,0,0,0,0,0,0,0,0,0,0,0,
https|||www.facebook.com|PresidentDonaldJTrump2017|.html,0,0,0,0,0,0,0,0,1,0,0,0,0,
https|||www.facebook.com|TheDonaldMovement|.html,0,0,0,0,0,0,0,0,1,0,0,0,0,
https|||www.fastcompany.com|90256599|china-and-russia-tapped-trump-phone-may-be-largest-white-house-breach-ever-says-former-official.html,0,0,0,0,0,0,0,0,0,0,0,0,0,
https|||www.fb.org|events|afbf-annual-convention|live-stream|trump.html,0,0,0,0,0,0,0,0,0,0,0,0,0,
https|||www.fema.gov|news-release|2018|10|19|president-donald-j-trump-approves-major-disaster-declaration-kansas.html,0,0,0,0,0,0,0,0,0,0,0,0,0,
https|||www.ferc.gov|media|headlines|2018|2018-4|10-24-18-letter.pdf.html,0,0,0,0,0,0,0,0,0,0,0,0,0,
https|||www.financialexpress.com|world-news|us-president-donald-trump-picks-indian-american-neil-chatterjee-as-chairman-of-key-federal-energy-agency|1360437|.html,0,0,0,0,0,0,0,1,0,0,0,0,0,
https|||www.flickr.com|photos|whitehouse|44611282795|.html,0,0,0,0,0,0,0,0,0,0,0,0,0,
https|||www.forbes.com|profile|donald-trump|.html,0,0,0,0,0,0,0,0,0,0,2,0,0,
https|||www.forbes.com|sites|brittanyhodak|2018|07|31|trevor-noahs-donald-j-trump-presidential-twitter-library-book-hits-shelves-today|.html,0,0,0,0,0,0,0,1,0,0,0,0,0,
https|||www.forbes.com|sites|danalexander|2018|10|02|how-trump-is-tryingand-failingto-get-rich-off-his-presidency|.html,0,0,0,0,0,0,0,1,0,0,0,0,0,
https|||www.forbes.com|sites|niallmccarthy|2017|01|06|trump-is-set-to-become-the-oldest-president-in-u-s-history-infographic|.html,0,0,0,0,0,0,0,0,0,0,0,0,0,
https|||www.foxnews.com|opinion|lara-trump-the-donald-trump-i-know.html,3,0,0,0,0,0,0,0,0,0,0,0,0,
https|||www.foxnews.com|politics|chinese-russian-spies-listening-to-trumps-phone-conversations-report.html,0,0,0,0,0,0,0,0,0,0,0,0,0,
https|||www.foxnews.com|politics|president-trump-health-care-drive-midterm-elections.html,18,5,0,0,0,0,0,11,0,0,0,0,0,
https|||www.geni.com|people|Donald-J-Trump-45th-President-of-the-USA|6000000007106626344.html,1,1,0,0,0,0,0,5,0,0,0,0,0,
https|||www.gettyimages.ie|detail|news-photo|president-donald-j-trump-and-first-lady-melania-trump-news-photo|1053245400.html,0,0,0,0,0,0,0,0,0,0,0,0,0,
https|||www.golf.com|tour-and-news|natalie-gulbis-donald-trump-i-know.html,0,0,0,0,0,0,0,0,0,0,0,0,0,
https|||www.goodreads.com|book|show|30167752-the-day-of-the-donald.html,0,0,0,0,0,0,0,0,0,0,0,0,0,
https|||www.haaretz.com|israel-news|.premium-trump-israel-will-pay-a-price-for-jerusalem-decision-1.6408354.html,2,0,0,0,0,0,0,0,0,0,0,0,0,
https|||www.haaretz.com|world-news|.premium-hitler-in-brasilia-the-u-s-evangelicals-and-nazi-political-theory-behind-bolsonaro-1.6581924.html,2,0,0,0,0,0,0,0,0,0,0,0,0,
https|||www.history.com|topics|us-presidents.html,0,0,0,0,0,0,0,0,0,0,0,0,0,
https|||www.history.com|topics|us-presidents|donald-trump.html,3,2,0,0,0,0,0,3,0,0,0,0,0,
https|||www.hollywoodreporter.com|news|is-hedi-slimane-donald-trump-fashion-1148087.html,0,0,0,0,0,0,0,0,0,0,0,0,0,
https|||www.hollywoodreporter.com|news|president-trump-melania-strongly-condemn-cnn-obama-bomb-threats-1154723.html,0,0,0,0,0,0,0,0,0,0,0,0,0,
https|||www.huffingtonpost.com|entry|gillum-desantis-debate-florida-governor_us_5bcd36fae4b0a8f17eedd3df.html,8,4,0,0,0,0,0,4,0,0,0,0,0,
https|||www.huffingtonpost.com|topic|donald-trump.html,3,1,0,0,0,0,0,1,0,0,1,0,0,
https|||www.hydroworld.com|articles|2018|10|u-s-president-signs-america-s-water-infrastructure-act-of-2018.html.html,0,0,0,0,0,0,0,0,0,0,0,0,0,
https|||www.imdb.com|name|nm0874339|.html,1,0,2,0,1,0,0,48,1,0,1,0,0,
https|||www.inc.com|chris-matyszczyk|it-was-exactly-donald-trump-product-america-needed-then-unthinkable-happened.html.html,0,0,0,0,0,0,0,0,0,0,0,0,0,
https|||www.independent.co.uk|news|world|americas|us-politics|obama-bomb-home-latest-clinton-us-secret-service-soros-dc-chicago-a8599531.html.html,6,2,2,0,0,0,0,1,0,0,0,0,0,
https|||www.independent.co.uk|topic|DonaldTrump.html,3,0,0,0,0,0,0,0,0,0,0,0,0,
https|||www.indianz.com|News|2018|08|22|mark-trahant-should-president-donald-j-t.asp.html,3,0,0,0,0,0,0,2,1,0,0,0,0,
https|||www.infoplease.com|history-and-government|us-presidents|presidents.html,4,3,0,0,0,0,0,4,0,0,0,0,0,
https|||www.insideedition.com|who-donald-trump-look-alike-internet-abuzz-over-mysterious-presidential-double-47343.html,0,0,0,0,0,0,0,0,0,0,0,0,0,
https|||www.instagram.com|realdonaldtrump||hl|en.html,0,0,0,0,0,0,0,0,0,0,0,0,0,
https|||www.investopedia.com|slide-show|poor-us-presidents|.html,0,0,0,0,0,0,0,0,0,0,0,0,0,
https|||www.investopedia.com|updates|donald-trump-rich|.html,0,0,0,0,0,0,0,0,0,0,0,0,0,
https|||www.investors.com|politics|commentary|deregulation-nation-president-trump-cuts-regulations-at-record-rate|.html,0,0,0,0,0,0,0,0,0,0,0,0,0,
https|||www.itv.com|news|2018-10-23|trump-threatens-to-cut-central-american-aid-over-migrant-caravan|.html,2,0,0,0,0,0,0,2,0,0,0,0,0,
https|||www.jsonline.com|story|news|politics|elections|2018|10|24|live-video-president-trump-rallies-republicans-mosinee-event|1748186002|.html,3,2,0,0,0,0,0,7,0,0,0,0,0,
https|||www.kff.org|news-summary|u-s-president-trump-threatens-to-substantially-reduce-foreign-aid-for-3-latin-american-countries|.html,0,0,0,0,0,0,0,0,0,0,0,0,0,
https|||www.khanacademy.org|humanities|ap-us-government-and-politics|interactions-among-branches-of-government|roles-and-powers-of-the-president|v|formal-and-informal-powers-of-the-us-president.html,0,0,0,0,0,0,0,0,0,0,0,0,0,
https|||www.marketwatch.com|story|donald-trump-is-such-a-crybaby-about-interest-rates-and-the-economy-2018-10-24.html,0,0,0,0,0,0,0,0,0,0,0,0,0,
https|||www.marketwatch.com|story|even-one-year-of-trumps-suggested-tax-cut-would-fund-his-border-wall-many-times-over-2018-10-23.html,0,0,0,0,0,0,0,0,0,0,0,0,0,
https|||www.marketwatch.com|story|why-does-president-trump-tweet-so-much-about-your-401k-2018-10-23.html,8,1,0,0,0,0,0,4,0,0,0,0,0,
https|||www.marthastewart.com|996892|meatloaf-donald.html,0,0,0,0,0,0,0,0,0,0,0,0,0,
https|||www.mcall.com|topic|politics-government|donald-trump-PEBSL000163-topic.html.html,8,4,0,0,0,0,0,15,0,0,0,0,0,
https|||www.mcsweeneys.net|articles|the-majority-opinion-in-president-donald-j-trump-v-united-states-of-america.html,0,0,1,0,0,0,0,0,0,0,0,1,0,
https|||www.merriam-webster.com|dictionary|trump.html,0,0,0,0,0,0,0,0,0,0,0,0,0,
https|||www.miaminewtimes.com|arts|things-to-do-miami-the-daily-shows-trump-presidential-twitter-library-october-26-to-october-28-10842227.html,0,0,0,0,0,0,0,0,0,0,0,0,0,
https|||www.msn.com|en-us|news|video|live-news-coverage-from-cbs-news|ar-BBmYvYY|appwebview|true.html,4,2,0,0,0,0,0,1,0,0,0,0,0,
https|||www.msn.com|en-us|video|news|i-agree-with-president-obama-100percent-trump-tweets-old-obama-video-to-support-immigration-argument|vi-BBOOdtW.html,5,0,0,0,0,0,0,0,0,0,0,0,0,
https|||www.msnbc.com|morning-joe|watch|trump-projects-unseriousness-during-a-serious-moment-1352684611696.html,2,0,0,0,0,0,0,1,0,1,0,0,0,
https|||www.naplesnews.com|story|news|2018|10|25|trump-rally-fort-myers-how-get-tickets-see-president-trump-hertz-arena|1760321002|.html,0,0,0,0,0,0,0,0,0,0,0,0,0,
https|||www.naplesnews.com|story|news|politics|2018|10|24|president-trump-hold-make-america-great-again-rally-hertz-arena|1755144002|.html,3,3,0,0,0,0,0,15,0,0,0,0,0,
https|||www.nbc.com|the-tonight-show|video|president-trump-plans-paris-meeting-with-putin|3817510.html,0,0,0,0,0,0,0,0,0,0,0,0,0,
https|||www.nbcnews.com|news|investigations|trump-administration-has-new-plan-drive-iran-out-syria-n919596.html,0,0,0,0,0,0,0,0,0,0,0,0,0,
https|||www.nbcnews.com|politics|donald-trump|conway-dismisses-questions-about-trump-stoking-fear-likens-it-sesame-n923821.html,1,0,0,0,0,0,0,0,0,0,0,0,0,
https|||www.nbcnews.com|politics|immigration|trump-says-he-s-bringing-out-military-secure-u-s-n924271.html,1,0,0,0,0,0,0,0,0,0,0,0,0,
https|||www.nbcnews.com|video|president-trump-hillary-clinton-and-more-political-leaders-react-to-pipe-bombs-sent-to-top-democrats-cnn-1352079427914.html,5,0,0,0,0,0,0,0,0,0,0,0,0,
https|||www.ncbi.nlm.nih.gov|pubmed|22736170.html,0,0,0,0,0,0,0,0,0,0,0,0,0,
https|||www.necanet.org|about-us|news|news-release-archive|news|2018|09|29|president-donald-j.-trump-to-address-the-national-electrical-contractors-association-2018-annual-convention.html,0,0,0,0,0,0,0,0,0,0,0,0,0,
https|||www.news-press.com|story|news|politics|2018|10|24|president-trump-hold-make-america-great-again-rally-hertz-arena|1753828002|.html,2,2,0,0,0,0,0,15,0,0,0,0,0,
https|||www.news.com.au|finance|work|leaders|why-trump-is-in-a-jubilant-mood-as-the-midterms-approach|news-story|1f8bcfc5aea541293bb966b99d98c5d6.html,12,2,1,0,0,0,0,7,0,0,0,0,0,
https|||www.newsday.com|news|nation|donald-trump-s-noteworthy-tweets-as-president-1.12632966.html,14,3,0,0,0,0,0,15,0,0,0,0,0,
https|||www.newsweek.com|reddit-spez-donald-sub-russia-1134323.html,1,0,0,0,0,0,0,0,0,0,0,0,0,
https|||www.newyorker.com|magazine|2018|10|01|how-russia-helped-to-swing-the-election-for-trump.html,9,6,0,0,0,0,0,5,1,0,1,0,0,
https|||www.newyorker.com|tag|donald-trump.html,2,0,0,0,0,0,0,1,1,0,0,0,0,
https|||www.nj.com|opinion|index.ssf|2018|10|the_donald_strikes_back_kavanaugh_controversy_ener.html.html,12,1,0,0,0,0,0,9,0,0,0,0,0,
https|||www.npr.org|2018|07|16|629462401|transcript-president-trump-and-russian-president-putins-joint-press-conference.html,4,1,0,0,0,0,0,1,0,0,0,0,0,
https|||www.npr.org|tags|511343536|president-trump.html,6,6,0,0,0,0,0,4,0,0,0,0,0,
https|||www.nytimes.com|2016|05|15|us|politics|donald-trump-women.html.html,1,0,0,0,0,0,0,2,0,0,0,0,0,
https|||www.nytimes.com|2018|06|14|nyregion|attorney-general-trump-lawsuit.html.html,0,0,0,0,0,0,0,0,0,0,0,0,0,
https|||www.nytimes.com|2018|07|13|world|europe|queen-elizabeth-presidents-of-usa.html.html,0,0,0,0,0,0,0,0,0,0,0,0,0,
https|||www.nytimes.com|2018|10|24|opinion|donald-trumps-gay-amnesia.html.html,0,0,0,0,0,0,0,2,0,0,0,0,0,
https|||www.nytimes.com|2018|10|24|us|politics|trump-phone-security.html.html,2,2,0,0,0,0,0,0,0,0,0,0,0,
https|||www.onthisday.com|people|donald-trump.html,5,4,0,0,0,0,0,13,0,0,0,0,0,
https|||www.orlandosentinel.com|topic|politics-government|donald-trump-PEBSL000163-topic.html.html,4,2,0,0,0,0,0,2,0,0,0,0,0,
https|||www.pbs.org|wgbh|americanexperience|collections|presidents|.html,0,0,0,0,0,0,0,0,0,0,0,0,0,
https|||www.pbs.org|wgbh|frontline|film|president-trump|.html,0,0,0,0,0,0,0,0,0,0,0,0,0,
https|||www.pbs.org|wgbh|frontline|film|trumps-showdown|.html,0,0,0,0,0,0,0,0,0,0,0,0,0,
https|||www.penguinrandomhouse.com|books|600003|the-donald-j-trump-presidential-twitter-library-by-the-daily-show-with-trevor-noah-presents|9781984801883|.html,0,0,0,0,0,0,0,2,0,0,0,0,0,
https|||www.pewtrusts.org|en|research-and-analysis|articles|2018|10|24|president-trump-signs-bipartisan-bill-to-fight-opioid-crisis.html,0,0,0,0,0,0,0,0,0,0,0,0,0,
https|||www.politico.com|magazine|story|2018|08|12|movies-donald-trump-cinematic-universe-219348.html,0,0,0,0,0,0,0,0,0,0,0,0,0,
https|||www.politico.com|news|donald-trump.html,0,0,0,0,0,0,0,0,0,0,0,0,0,
https|||www.politifact.com|personalities|donald-trump|.html,4,1,0,0,0,0,0,1,0,0,0,0,0,
https|||www.politifact.com|truth-o-meter|article|2018|jun|12|so-donald-trump-kim-jong-un-handshake-happened-now|.html,4,2,0,0,0,0,0,0,0,0,0,0,0,
https|||www.polygon.com|2018|5|22|17379764|donald-glover-the-donald-reddit.html,0,0,0,0,0,0,0,0,0,0,0,0,0,
https|||www.potus.com|.html,0,0,0,0,0,0,0,0,0,0,0,0,0,
https|||www.potus.com|donald-j-trump|.html,0,0,0,0,0,0,0,1,0,0,0,0,0,
https|||www.presidentialserviceawards.gov|.html,0,0,0,0,0,0,0,0,0,0,0,0,0,
https|||www.presidents.website|.html,0,0,0,0,0,0,0,0,0,0,0,0,0,
https|||www.presidentsusa.net|.html,0,0,0,0,0,0,0,0,0,0,0,0,0,
https|||www.princegeorgecitizen.com|rivals-critics-of-u-s-president-apparent-targets-of-attempted-mail-bombings-1.23474526.html,6,2,0,0,0,0,0,1,0,0,0,0,0,
https|||www.promiseskept.com|.html,0,0,0,0,0,0,0,0,0,0,0,0,0,
https|||www.psychologytoday.com|us|basics|president-donald-trump.html,0,0,0,0,0,0,0,0,1,0,0,0,0,
https|||www.psychologytoday.com|us|blog|our-emotional-footprint|201702|the-persona-donald-j-trump.html,1,0,0,0,0,0,0,0,0,0,0,0,0,
https|||www.quora.com|Who-is-the-U-S-President.html,0,0,0,0,0,0,0,1,0,0,0,0,0,
https|||www.rappler.com|world|regions|latin-america|215171-maduro-calls-pence-a-madman.html,0,0,0,0,0,0,0,0,0,0,0,0,0,
https|||www.rd.com|culture|things-no-president-allowed-do-in-office|.html,0,0,0,0,0,0,0,0,0,0,0,0,0,
https|||www.realclearpolitics.com|epolls|other|president_trump_job_approval-6179.html.html,10,4,0,0,0,0,0,12,1,0,0,0,0,
https|||www.realclearpolitics.com|epolls|other|trump_favorableunfavorable-5493.html.html,10,4,0,0,0,0,0,12,0,0,0,0,0,
https|||www.realclearpolitics.com|video|2018|06|10|peter_navarro_theres_a_special_place_in_hell_for_any_leader_who_betrays_president_donald_j_trump.html.html,11,6,0,0,0,0,0,4,0,0,0,0,0,
https|||www.realtor.com|news|trends|president-trump-white-house-painting-feminist-message|.html,3,3,0,0,0,0,0,6,0,0,0,0,0,
https|||www.reddit.com|r|The_Donald|.html,1,0,0,0,0,0,0,0,0,0,0,0,0,
https|||www.residentbuzz.com|donald-trump|.html,2,0,1,0,0,0,0,5,0,0,0,0,0,
https|||www.reuters.com|article|us-usa-trump-bannon-interview|u-s-president-trump-facing-a-coup-bannon-idUSKCN1LP0DH|il|0.html,2,1,0,0,0,0,0,2,0,0,0,0,0,
https|||www.reuters.com|article|us-usa-trump-mueller-exclusive|exclusive-trump-worries-that-mueller-interview-could-be-a-perjury-trap-idUSKCN1L526P.html,0,0,0,0,0,0,0,0,0,0,0,0,0,
https|||www.rollcall.com|news|politics|coincidence-bomb-recipients-trump-far-right-rhetoric.html,16,8,0,0,0,0,0,2,0,0,0,0,0,
https|||www.rt.com|news|442058-erdogan-wins-khashoggi-scandal|.html,0,0,0,0,0,0,0,1,0,0,0,0,0,
https|||www.salary.com|articles|history-of-presidential-salaries|.html,0,0,0,0,0,0,0,0,0,0,0,0,0,
https|||www.scholastic.com|teachers|articles|teaching-content|president-day|.html,0,0,0,0,0,0,0,0,0,0,0,0,0,
https|||www.scmp.com|news|world|united-states-canada|article|2168205|glenn-simpson-man-behind-donald-trump-dirty-dossier.html,1,1,0,0,0,0,0,2,0,0,0,0,0,
https|||www.senate.gov|reference|Legislation|Vetoes|TrumpDJ.htm.html,0,0,0,0,0,0,0,0,0,0,0,0,0,
https|||www.senate.gov|senators|SenatorsWhoBecamePresident.htm.html,0,0,0,0,0,0,0,0,0,0,0,0,0,
https|||www.smithsonianmag.com|smart-news|no-us-president-has-ever-died-may-and-other-weird-facts-about-presidential-lives-180963434|.html,0,0,0,0,0,0,0,0,0,0,0,0,0,
https|||www.sporcle.com|games|gwukelic|i_dont_think_george_washington_is_going_to_make_it_on_this_quiz.html,0,0,0,0,0,0,0,0,0,0,0,0,0,
https|||www.state.gov|p|eur|ci|rs|200years|122802.htm.html,0,0,0,0,0,0,0,0,0,0,0,0,0,
https|||www.state.nj.us|nj|about|famous|presidents.html.html,5,3,0,0,0,0,0,0,0,0,0,0,0,
https|||www.sun-sentinel.com|topic|politics-government|donald-trump-PEBSL000163-topic.html.html,6,1,0,0,0,0,0,12,0,0,0,0,0,
https|||www.supremecourt.gov|opinions|17pdf|17-965_h315.pdf.html,0,0,0,0,0,0,0,0,0,0,0,0,0,
https|||www.tcpalm.com|story|news|local|indian-river-lagoon|health|2018|10|23|president-trump-scheduled-sign-wrda-law-reservoir-cutting-lake-okeechobee-discharges|1598546002|.html,0,0,0,0,0,0,0,0,0,0,0,0,0,
https|||www.tcpalm.com|story|news|local|verobeachcentennial|2018|10|24|centennial-several-u-s-presidents-have-visited-vero-beach|1195460002|.html,0,0,0,0,0,0,0,0,0,0,0,0,0,
https|||www.telegraph.co.uk|donald-trump|.html,1,0,0,0,0,0,0,2,0,0,0,0,0,
https|||www.telegraph.co.uk|women|politics|donald-trump-sexism-tracker-every-offensive-comment-in-one-place|.html,1,0,0,0,0,0,0,6,0,0,0,0,0,
https|||www.terrapass.com|us-presidents-environmental-legacies.html,0,0,0,0,0,0,0,0,0,0,0,0,0,
https|||www.texastribune.org|2018|10|22|texas-donald-trump-ted-cruz-texas-senate-fact-check|.html,3,1,0,0,0,0,0,1,0,0,0,0,0,
https|||www.texastribune.org|2018|10|22|will-donald-trumps-rally-ted-cruz-motivate-republicans-or-democrats|.html,8,6,0,0,0,0,0,16,0,0,0,0,0,
https|||www.theatlantic.com|international|archive|2018|10|trumps-evolution-khashoggi-rogue-coverup|573775|.html,0,0,0,0,0,0,0,1,0,0,0,0,0,
https|||www.theatlantic.com|magazine|archive|2016|06|the-mind-of-donald-trump|480771|.html,15,9,0,0,0,0,0,7,0,0,0,0,0,
https|||www.theatlantic.com|photo|2017|01|photos-of-the-inauguration-of-president-donald-j-trump|513995|.html,2,1,0,0,0,0,0,1,0,0,0,0,0,
https|||www.theatlantic.com|politics|archive|2018|10|trump-cabinet-tracker|510527|.html,9,0,0,0,0,0,0,21,0,0,0,0,0,
https|||www.thechronicleherald.ca|news|rivals-critics-of-us-president-apparent-targets-of-attempted-mail-bombings-253202|.html,5,2,0,0,0,0,0,1,2,0,0,0,0,
https|||www.thedailybeast.com|donald-trump-strikes-a-blow-against-stormy-daniels-but-not-where-it-counts.html,0,0,0,0,0,0,0,1,0,0,0,0,0,
https|||www.thedailybeast.com|trump-hangs-tacky-fantasy-painting-of-himself-with-gop-presidents-in-white-house.html,2,2,0,0,0,0,0,5,0,0,0,0,0,
https|||www.thedailybeast.com|why-voters-elected-president-donald-j-trumpand-why-theyll-regret-it.html,1,0,0,0,0,0,0,5,0,0,0,0,0,
https|||www.theepochtimes.com|in-photos-trump-rally-in-missoula-montana_2694538.html.html,0,0,0,0,0,0,0,0,0,0,0,0,0,
https|||www.theguardian.com|film|2018|aug|27|donald-trump-biopic-who-should-direct.html,0,0,0,0,0,0,0,1,0,0,0,0,0,
https|||www.theguardian.com|us-news|donaldtrump.html,4,0,0,0,0,0,0,2,0,0,0,0,0,
https|||www.theguardian.com|us-news|shortcuts|2018|oct|24|could-donald-trump-jr-be-the-next-us-president-be-afraid.html,0,0,0,0,0,0,0,0,0,0,0,0,0,
https|||www.theguardian.com|us-news|trump-administration.html,1,1,0,0,0,0,0,0,0,0,1,0,0,
https|||www.theguardian.com|us-news|video|2018|oct|24|donald-trump-vows-us-will-get-to-the-bottom-of-pipe-bombs-video.html,4,1,0,0,0,0,0,0,0,0,0,0,0,
https|||www.theindychannel.com|news|local-news|indianapolis|president-donald-trump-coming-to-indianapolis-for-ffa-convention.html,0,0,0,0,0,0,0,0,0,0,0,0,0,
https|||www.thenation.com|article|why-donald-trumps-populism-is-dangerous|.html,16,6,0,0,0,0,0,10,0,0,0,0,0,
https|||www.theonion.com|trump-has-raised-over-100-million-for-reelection-campa-1829874935.html,0,0,0,0,0,0,0,0,0,0,0,0,0,
https|||www.thestreet.com|markets|trump-to-tackle-drug-pricing-again-in-new-speech-14757588.html,0,0,0,0,0,0,0,0,0,0,0,0,0,
https|||www.theverge.com|2018|9|24|17896586|reddit-the-donald-russia-troll-farm-ira-influence-operation.html,0,0,0,0,0,0,0,0,0,0,0,0,0,
https|||www.thisisinsider.com|us-presidents-facts-2018-2.html,0,0,0,0,0,0,0,0,0,0,0,0,0,
https|||www.thoughtco.com|about-president-of-the-united-states-3322139.html,0,0,0,0,0,0,0,0,0,0,0,0,0,
https|||www.titlemax.com|discovery-center|planes-trains-and-automobiles|president-vehicles-throughout-history|.html,0,0,0,0,0,0,0,0,0,0,0,0,0,
https|||www.tmcf.org|community-news|statement-from-president-donald-j-trump-on-historically-black-colleges-and-universities|11868.html,0,0,0,0,0,0,0,0,0,0,0,0,0,
https|||www.townandcountrymag.com|society|tradition|a13957391|meghan-markle-prince-harry-children-us-british-citizenship|.html,0,0,0,0,0,0,0,0,0,0,0,0,0,
https|||www.travelchannel.com|interests|arts-and-culture|photos|presidential-destinations-1.html,0,0,0,0,0,0,0,0,0,0,0,0,0,
https|||www.trump-news.net|.html,45,6,0,0,0,0,0,18,0,0,0,0,0,
https|||www.trump.com|merchandise|signature-collection|.html,0,0,0,0,0,0,0,0,0,0,0,0,0,
https|||www.trumpferrypoint.com|.html,0,0,0,0,0,0,0,0,0,0,0,0,0,
https|||www.trumphotels.com|.html,0,0,0,0,0,0,0,0,0,0,0,0,0,
https|||www.trumpinternationalpalmbeaches.com|.html,0,0,0,0,0,0,0,0,0,0,0,0,0,
https|||www.trumpmiami.com|.html,0,0,0,0,0,0,0,0,0,0,0,0,0,
https|||www.trumpnationalbedminster.com|.html,0,0,0,0,0,0,0,0,0,0,0,0,0,
https|||www.trumpnationallosangeles.com|.html,0,0,0,0,0,0,0,0,0,0,0,0,0,
https|||www.trumpwinery.com|.html,0,0,0,0,0,0,0,0,0,0,0,0,0,
https|||www.twitch.tv|trumpsc.html,0,0,0,0,0,0,0,0,0,0,0,0,0,
https|||www.urbandictionary.com|define.php|term|The|20Donald.html,0,0,0,0,0,0,0,0,0,0,0,0,0,
https|||www.usa.gov|presidents.html,0,0,0,0,0,0,0,0,0,0,0,0,0,
https|||www.usatoday.com|story|life|people|2018|10|25|trump-critic-robert-deniro-target-suspicious-package-nyc-tribeca|1759761002|.html,2,1,0,0,0,0,0,1,0,0,0,0,0,
https|||www.usatoday.com|story|news|politics|2018|10|25|donald-trump-suspicious-packages-media|1759800002|.html,10,6,0,0,0,0,0,2,0,0,0,0,0,
https|||www.usatoday.com|story|news|politics|2018|10|25|trump-iphone-russian-chinese-intelligence|1759763002|.html,1,0,0,0,0,0,0,1,0,0,0,0,0,
https|||www.usatoday.com|story|news|world|2018|10|22|president-trump-warns-migrant-caravan-mexico-vows-cut-u-s-aid|1725854002|.html,3,0,0,0,0,0,0,0,0,0,0,0,0,
https|||www.usatoday.com|story|opinion|2018|06|25|news-media-blunders-immigrant-children-donald-trump-time-ap-column|729331002|.html,0,0,0,0,0,0,0,2,0,0,0,0,0,
https|||www.usatoday.com|story|opinion|2018|10|10|donald-trump-democrats-open-borders-medicare-all-single-payer-column|1560533002|.html,39,8,0,0,0,0,0,3,0,0,0,0,0,
https|||www.usda.gov|media|press-releases|2018|10|03|what-they-are-saying-ag-community-support-president-donald-j-trumps.html,0,0,0,0,0,0,0,0,0,0,0,0,0,
https|||www.usnews.com|news|special-reports|the-worst-presidents|slideshows|the-10-worst-presidents.html,0,0,0,0,0,0,0,0,0,0,0,0,0,
https|||www.vanityfair.com|magazine|2015|07|donald-ivana-trump-divorce-prenup-marie-brenner.html,0,0,0,0,0,0,0,0,0,0,0,0,0,
https|||www.vanityfair.com|news|2017|08|donald-trump-agenda-items-and-threat-matrix.html,1,0,0,0,0,0,0,0,0,0,0,0,0,
https|||www.velonews.com|2018|10|commentary|commentary-meeting-the-donald-at-the-tour-de-trump_480046.html,0,0,0,0,0,0,0,0,0,0,0,0,0,
https|||www.villagevoice.com|2018|10|03|dishing-on-the-donald-the-warning-america-didnt-heed|.html,0,0,0,0,0,0,0,0,0,0,0,0,0,
https|||www.vonbrauncenter.com|event|strange-for-senate-campaign-alabama-rally-with-president-donald-j-trump|.html,0,0,0,0,0,0,0,0,0,0,0,0,0,
https|||www.vox.com|2018|9|25|17901082|trump-un-2018-speech-full-text.html,1,0,0,0,0,0,0,1,0,0,0,0,0,
https|||www.vox.com|culture|2017|11|13|16624688|reddit-bans-incels-the-donald-controversy.html,2,0,0,0,0,0,0,1,0,0,0,0,0,
https|||www.vox.com|policy-and-politics|2018|10|24|18018890|bombings-trump-response-tweet-clinton-obama-cnn.html,2,0,0,0,0,0,0,1,0,0,0,0,0,
https|||www.washingtonexaminer.com|washington-secrets|trumps-list-289-accomplishments-in-just-20-months-relentless-promise-keeping.html,11,2,0,0,0,0,0,7,2,0,0,0,0,
https|||www.washingtonpost.com|nation|2018|10|25|trump-inciting-violence-nearly-retired-journalists-condemn-presidents-un-american-attacks-press|.html,1,0,0,0,0,0,0,0,0,0,0,0,0,
https|||www.washingtonpost.com|news|arts-and-entertainment|wp|2015|09|01|why-does-everyone-call-donald-trump-the-donald-its-an-interesting-story|.html,0,0,0,0,0,0,0,0,0,0,0,0,0,
https|||www.washingtonpost.com|outlook|2018|10|23|donald-trumps-fast-furious-campaign-lies|.html,8,0,0,0,0,0,0,1,0,0,0,0,0,
https|||www.washingtonpost.com|politics|2018|10|10|fact-checking-president-trumps-usa-today-op-ed-medicare-for-all|.html,0,0,0,0,0,0,0,0,0,0,0,0,0,
https|||www.wbay.com|content|news|President-Trump-to-rally-in-Mosinee-White-House-monitoring-attempted-attacks-on-Dems-498431781.html.html,8,1,1,0,0,0,0,10,0,0,0,0,0,
https|||www.wgrz.com|article|news|nation-now|after-suspicious-packages-president-trump-blames-media-for-anger-in-society|465-9c7e59d7-f5ba-48a5-9a74-4daa574d11e5.html,8,5,0,0,0,0,0,1,0,0,0,0,0,
https|||www.whitehouse.gov|about-the-white-house|presidents|.html,1,0,0,0,0,0,0,0,0,0,0,0,0,
https|||www.whitehouse.gov|briefings-statements|president-donald-j-trumps-initiative-stop-opioid-abuse-reduce-drug-supply-demand-2|.html,0,0,0,0,0,0,0,0,0,0,0,0,0,
https|||www.whitehouse.gov|people|donald-j-trump|.html,0,0,0,0,0,0,0,6,0,0,0,0,0,
https|||www.whitehousegiftshop.com|45th-President-of-the-United-States-Donald-J-Trump-Gifts-s|2419.htm.html,7,7,0,0,0,0,0,10,0,0,0,0,0,
https|||www.wired.com|2017|01|future-america-according-president-donald-j-trump|.html,2,0,0,0,0,0,0,1,0,0,0,0,0,
https|||www.wired.com|story|trumps-plan-to-redefine-gender-makes-no-scientific-sense|.html,1,0,0,0,0,0,0,0,0,0,0,0,0,
https|||www.wired.com|tag|donald-trump|.html,1,0,0,0,0,0,0,0,0,0,0,0,0,
https|||www.wmur.com|article|live-president-trump-joined-by-hassan-others-for-opioid-bill-signing|24176896.html,0,0,0,0,0,0,0,0,0,0,0,0,0,
https|||www.wnycstudios.org|shows|trumpinc.html,0,0,0,0,0,0,0,0,0,0,0,0,0,
https|||www.womenfordemocracyinamerica.com|president-donald-trump-speaks-out.html,7,0,0,0,0,0,0,2,0,0,0,0,0,
https|||www.wral.com|news|video|17942818|.html,0,0,0,0,0,0,0,1,0,0,0,0,0,
https|||www.wrbl.com|news|local-news|president-donald-j-trump-approves-georgia-emergency-declaration|1516199594.html,1,1,0,0,0,0,0,1,0,0,0,0,0,
https|||www.wsaw.com|content|news|Wisconsin-Rapids-parents-head-to-Mosinee-rally-to-ask-President-Trump-a-favor-498474431.html.html,2,0,0,0,0,0,0,0,0,0,0,0,0,
https|||www.wsbtv.com|news|local|president-trump-to-view-storm-damage-in-georgia-today|853293193.html,0,0,0,0,0,0,0,0,0,0,0,0,0,
https|||www.wsj.com|articles|transcript-of-president-trumps-interview-with-the-wall-street-journal-1540388205.html,2,0,0,0,0,0,0,0,0,0,0,0,0,
https|||www.wsj.com|articles|trumps-big-bet-on-saudis-now-poses-a-bigger-dilemma-1540402173.html,2,0,0,0,0,0,0,0,0,0,0,0,0,
https|||www.wsoctv.com|news|local|security-traffic-to-be-heavy-as-president-trump-returns-to-charlotte-this-week|859205597.html,0,0,0,0,0,0,0,0,0,0,0,0,0,
https|||www.wymt.com|content|news|Store-sells-all-things-Preisdent-Donald-J-Trump--and-business-is-yuge-498096781.html.html,0,0,0,0,0,0,0,0,0,0,0,0,0,
https|||www.yahoo.com|news|topics|president-trump.html,3,1,0,0,0,0,0,1,0,0,0,0,0,
https|||www.youtube.com|DonaldTrump.html,0,0,0,0,0,0,0,0,0,0,0,0,0,
https|||www.youtube.com|channel|UCsQnAt5I56M-qx4OgCoVmeA.html,0,0,0,0,0,0,0,0,0,0,0,0,0,
https|||www.youtube.com|watch|v|GuerfQtOxhY.html,0,0,0,0,0,0,0,0,0,0,0,0,0,
https|||www.youtube.com|watch|v|SAi4x--fhbw.html,3,0,0,0,0,0,0,1,0,0,0,0,0,
https|||www.youtube.com|watch|v|YJRqB1xtIxg.html,0,0,0,0,0,0,0,0,0,0,0,0,0,
http|||donaldtrumpnews.net|.html,1,0,0,0,0,0,0,0,1,0,0,0,0,
http|||en.kremlin.ru|events|president|news|58880.html,0,0,0,0,0,0,0,0,0,0,0,0,0,
http|||fortune.com|2018|07|12|best-us-president-barack-obama-pew-survey|.html,4,1,0,0,0,0,0,2,0,0,0,0,0,
http|||mentalfloss.com|article|503713|you-can-buy-oldest-surviving-photo-us-president.html,2,1,0,0,0,0,0,3,0,0,0,0,0,
http|||nbcmontana.com|news|local|president-donald-j-trump-to-rally-crowd-at-missoula-international-airport.html,0,0,0,0,0,0,0,0,0,0,0,0,0,
http|||newstrump.top||p|2.html,1,0,0,0,0,0,0,1,0,0,0,0,0,
http|||nymag.com|intelligencer|2016|06|explaining-the-drama-at-the-largest-online-group-for-donald-trump-supporters.html.html,11,3,4,0,0,0,0,12,5,0,0,0,0,
http|||nymag.com|intelligencer|2018|07|trump-putin-russia-collusion.html.html,15,6,0,0,0,0,0,16,1,0,1,0,0,
http|||projects.mypalmbeachpost.com|trump|.html,0,0,0,0,0,0,0,1,0,0,0,0,0,
http|||prospect.org|article|trumps-fall-end-game.html,3,0,0,0,0,0,0,11,0,0,0,0,0,
http|||rosssociety.org|.html,0,0,0,0,0,0,0,0,0,0,0,0,0,
http|||shipadick.com|products|1319|.html,0,0,0,0,0,0,0,0,0,0,0,0,0,
http|||spaceref.com|news|viewsr.html|pid|51900.html,0,0,0,0,0,0,0,0,0,0,0,0,0,
http|||thedonaldcafe.net|.html,0,0,0,0,0,0,0,0,0,0,0,0,0,
http|||thepinetree.net|new||p|69082.html,0,0,0,0,0,0,0,0,0,0,0,0,0,
http|||time.com|5333083|queen-elizabeth-trump-visit-presidents|.html,2,2,0,0,0,0,0,0,0,0,0,0,0,
http|||time.com|5338007|the-sun-interview-donald-trump|.html,0,0,0,0,0,0,0,0,0,0,0,0,0,
http|||time.com|5430884|trump-midterms-rallies-arguments-voters|.html,19,2,0,0,0,0,0,16,0,0,0,0,0,
http|||time.com|collection|most-influential-people-2018|5217621|donald-trump-2|.html,0,0,0,0,0,0,0,0,0,0,0,0,0,
http|||time.com|donald-trump-after-hours|.html,1,1,0,0,0,0,0,0,0,0,0,0,0,
http|||trump.io|.html,0,0,0,0,0,0,0,0,0,0,0,0,0,
http|||www.andrewshaffer.com|the-day-of-the-donald|.html,0,0,0,0,0,0,0,1,0,0,0,0,0,
http|||www.atimes.com|article|riyadh-touts-50-bn-in-deals-at-davos-in-the-desert|president-donald-j-trump-briefed-by-military-leaders|.html,0,0,0,0,0,0,0,0,0,0,0,0,0,
http|||www.baltimoresun.com|topic|politics-government|donald-trump-PEBSL000163-topic.html.html,4,2,0,0,0,0,0,4,0,0,0,0,0,
http|||www.bennett.edu|news|bennett-college-president-appointed-to-prestigious-hbcu-advisory-board-by-president-donald-j-trump|.html,0,0,0,0,0,0,0,0,0,0,0,0,0,
http|||www.bridgemanimages.com|en-US|the-american-president.html,12,12,0,0,0,0,0,0,0,0,0,0,0,
http|||www.bureaucratnews.com|world-news|what-is-next-for-us-president-donald-trump|.html,0,0,0,0,0,0,0,0,0,0,0,0,0,
http|||www.cc.com|shows|the-daily-show-with-trevor-noah|trump-twitter-library.html,0,0,0,0,0,0,0,0,0,0,0,0,0,
http|||www.chicagotribune.com|topic|politics-government|donald-trump-PEBSL000163-topic.html.html,7,3,0,0,0,0,0,7,0,0,0,0,0,
http|||www.donalddriverfoundation.com|.html,0,0,0,0,0,0,0,0,0,0,0,0,0,
http|||www.fox13news.com|news|florida-news|president-donald-j-trump-will-speak-in-orlando-this-monday.html,1,1,0,0,0,0,0,1,0,0,0,0,0,
http|||www.fox46charlotte.com|home|president-donald-j-trump-will-speak-in-orlando-this-monday.html,2,1,0,0,0,0,0,1,0,0,0,0,0,
http|||www.fox5dc.com|news|trump-anger-in-society-caused-by-purposely-false-and-inaccurate-reporting-of-mainstream-media-.html,2,0,0,0,0,0,0,0,0,0,0,0,0,
http|||www.funtrivia.com|askft|Question27989.html.html,0,0,0,0,0,0,0,0,0,0,0,0,0,
http|||www.goerie.com|news|20181024|erie-to-send-35129-bill-to-trump-campaign.html,4,0,0,0,0,0,0,20,0,0,1,0,0,
http|||www.hirethedonald.com|.html,0,0,0,0,0,0,0,0,0,0,0,0,0,
http|||www.icepop.com|top-us-presidents-ranked|.html,2,0,0,0,0,0,0,2,0,0,2,0,0,
http|||www.instagram.com|realdonaldtrump.html,0,0,0,0,0,0,0,0,0,0,0,0,0,
http|||www.ipl.org|div|potus|jagarfield.html.html,0,0,0,0,0,0,0,0,0,0,0,0,0,
http|||www.itoptopics.com|donald-trump.html,0,0,0,0,0,0,0,0,0,0,0,0,0,
http|||www.ks95.com|donald-trump-hair-tutorial|.html,0,0,0,0,0,0,0,0,0,0,0,0,0,
http|||www.latimes.com|topic|politics-government|donald-trump-PEBSL000163-topic.html.html,6,0,0,0,0,0,0,6,0,0,0,0,0,
http|||www.mega1043.com|president-trump-promises-thorough-investigation-into-suspicious-packages-sent-to-clintons-obamas-cnn-and-other-u-s-officials|.html,2,0,0,0,0,0,0,0,0,0,0,0,0,
http|||www.nbc-2.com|story|39351366|president-trump-to-attend-desantis-rally-at-hertz-arena.html,1,0,0,0,0,0,0,1,0,0,0,0,0,
http|||www.nomiprins.com|thoughts|2018|9|19|the-donald-in-wonderland.html.html,1,1,0,0,0,0,0,1,0,0,0,0,0,
http|||www.nydailynews.com|news|politics|ny-news-democrats-trump-condoning-bombs-20181024-story.html.html,8,3,0,0,0,0,0,3,0,0,0,0,0,
http|||www.nytimes.com|topic|person|donald-trump.html,10,2,0,0,0,0,0,4,2,0,0,0,0,
http|||www.on-this-day.com|cgi-bin|otd|uspresidentotd.pl.html,0,0,0,0,0,0,0,0,0,0,0,0,0,
http|||www.pewglobal.org|2018|10|01|trumps-international-ratings-remain-low-especially-among-key-allies|.html,1,1,1,0,0,0,0,0,1,0,0,0,0,
http|||www.pewglobal.org|database|indicator|6|survey|all|.html,0,0,0,0,0,0,0,0,0,0,0,0,0,
http|||www.presidenttrump.com|.html,1,0,2,0,0,0,0,2,1,0,0,0,0,
http|||www.presidenttrump.exposed|category|donald-trump|.html,1,0,0,0,0,0,0,1,0,0,0,0,0,
http|||www.rasmussenreports.com|public_content|current_events|politics|prez_track_sep20.html,6,1,0,0,0,0,0,0,0,0,0,0,0,
http|||www.rasmussenreports.com|public_content|politics|political_updates|prez_track_jul09.html,6,1,0,0,0,0,0,0,0,0,0,0,0,
http|||www.selectsmart.com|DISCUSS|read.php|16|1132584.html,0,0,0,0,0,0,0,0,0,0,0,0,0,
http|||www.sheppardsoftware.com|History|presidents|Presidents_22_Cleveland.htm.html,3,2,0,0,0,0,0,1,0,0,0,0,0,
http|||www.spiegel.de|international|world|how-europe-can-survive-the-donald-trump-era-a-1219447.html.html,0,0,0,0,0,0,0,1,0,0,0,0,0,
http|||www.theweek.co.uk|donald-trump|95649|betting-odds-and-polls-who-will-be-the-next-us-president.html,8,4,0,0,0,0,0,9,0,0,0,0,0,
http|||www.tmz.com|person|donald-trump|.html,2,1,0,0,0,0,0,0,0,0,0,0,0,
http|||www.trumptowerny.com|.html,0,0,0,0,0,0,0,0,0,0,0,0,0,
http|||www.twitter.com|realdonaldtrump.html,2,0,0,0,0,0,0,2,0,0,0,0,0,
http|||www.wlrn.org|post|bolsonaro-donald-trump-brazil-divides-women-presidential-vote.html,0,0,0,0,0,0,0,0,0,0,0,0,0,
